INSERT INTO USERINFO VALUES
("jim.smith@gmail.com", "jimsmith1", "password", "614-2222-1111", "jim", "smith",0, 1),
("jim.jones@gmail.com", "jimjones1", "password", "614-2222-1111", "jim", "jones",0, 1),
("jim.kilpatrick@gmail.com", "jimkilpatrick1", "password", "614-2222-1111", "jim", "kilpatrick",0, 1),
("jim.weigel@gmail.com", "jimweigel1", "password", "614-2222-1111", "jim", "weigel",0, 1),
("jim.freeman@gmail.com", "jimfreeman1", "password", "614-2222-1111", "jim", "freeman",0, 1),
("bob.smith@gmail.com", "bobsmith1", "password", "614-2222-1111", "bob", "smith",0, 1),
("bob.jones@gmail.com", "bobjones1", "password", "614-2222-1111", "bob", "jones",0, 1),
("bob.kilpatrick@gmail.com", "bobkilpatrick1", "password", "614-2222-1111", "bob", "kilpatrick",0, 1),
("bob.weigel@gmail.com", "bobweigel1", "password", "614-2222-1111", "bob", "weigel",0, 1),
("bob.freeman@gmail.com", "bobfreeman1", "password", "614-2222-1111", "bob", "freeman",0, 1),
("stacy.smith@gmail.com", "stacysmith1", "password", "614-2222-1111", "stacy", "smith",0, 1),
("stacy.jones@gmail.com", "stacyjones1", "password", "614-2222-1111", "stacy", "jones",0, 1),
("stacy.kilpatrick@gmail.com", "stacykilpatrick1", "password", "614-2222-1111", "stacy", "kilpatrick",0, 1),
("stacy.weigel@gmail.com", "stacyweigel1", "password", "614-2222-1111", "stacy", "weigel",0, 1),
("stacy.freeman@gmail.com", "stacyfreeman1", "password", "614-2222-1111", "stacy", "freeman",0, 1),
("amy.smith@gmail.com", "amysmith1", "password", "614-2222-1111", "amy", "smith",0, 1),
("amy.jones@gmail.com", "amyjones1", "password", "614-2222-1111", "amy", "jones",0, 1),
("amy.kilpatrick@gmail.com", "amykilpatrick1", "password", "614-2222-1111", "amy", "kilpatrick",0, 1),
("amy.weigel@gmail.com", "amyweigel1", "password", "614-2222-1111", "amy", "weigel",0, 1),
("amy.freeman@gmail.com", "amyfreeman1", "password", "614-2222-1111", "amy", "freeman",0, 1);

INSERT INTO BUYER VALUES
("jim.smith@gmail.com", "11111111111111111111111111111111"),
("jim.jones@gmail.com", "11111111111111111111111111111112"),
("jim.kilpatrick@gmail.com", "11111111111111111111111111111113"),
("jim.weigel@gmail.com", "11111111111111111111111111111114"),
("jim.freeman@gmail.com", "11111111111111111111111111111115"),
("bob.smith@gmail.com", "11111111111111111111111111111116"),
("bob.jones@gmail.com", "11111111111111111111111111111117"),
("bob.kilpatrick@gmail.com", "11111111111111111111111111111118"),
("bob.weigel@gmail.com", "11111111111111111111111111111119"),
("bob.freeman@gmail.com", "11111111111111111111111111111120"),
("stacy.smith@gmail.com", "11111111111111111111111111111121"),
("stacy.jones@gmail.com", "11111111111111111111111111111122"),
("stacy.kilpatrick@gmail.com", "11111111111111111111111111111123"),
("stacy.weigel@gmail.com", "11111111111111111111111111111124"),
("stacy.freeman@gmail.com", "11111111111111111111111111111125"),
("amy.smith@gmail.com", "11111111111111111111111111111126"),
("amy.jones@gmail.com", "11111111111111111111111111111127"),
("amy.kilpatrick@gmail.com", "11111111111111111111111111111128"),
("amy.weigel@gmail.com", "11111111111111111111111111111129"),
("amy.freeman@gmail.com", "11111111111111111111111111111130");

INSERT INTO PICTURE VALUES
("imgur.com/0.jpg", "Seller Image", "Profile Picture for jim smith", NULL),
("imgur.com/1.jpg", "Seller Image", "Profile Picture for jim jones", NULL),
("imgur.com/2.jpg", "Seller Image", "Profile Picture for jim kilpatrick", NULL),
("imgur.com/3.jpg", "Seller Image", "Profile Picture for jim weigel", NULL),
("imgur.com/4.jpg", "Seller Image", "Profile Picture for jim freeman", NULL),
("imgur.com/5.jpg", "Seller Image", "Profile Picture for bob smith", NULL),
("imgur.com/6.jpg", "Seller Image", "Profile Picture for bob jones", NULL),
("imgur.com/7.jpg", "Seller Image", "Profile Picture for bob kilpatrick", NULL),
("imgur.com/8.jpg", "Seller Image", "Profile Picture for bob weigel", NULL),
("imgur.com/9.jpg", "Seller Image", "Profile Picture for bob freeman", NULL),
("imgur.com/10.jpg", "Seller Image", "Profile Picture for stacy smith", NULL),
("imgur.com/11.jpg", "Seller Image", "Profile Picture for stacy jones", NULL),
("imgur.com/12.jpg", "Seller Image", "Profile Picture for stacy kilpatrick", NULL),
("imgur.com/13.jpg", "Seller Image", "Profile Picture for stacy weigel", NULL),
("imgur.com/14.jpg", "Seller Image", "Profile Picture for stacy freeman", NULL),
("imgur.com/15.jpg", "Seller Image", "Profile Picture for amy smith", NULL),
("imgur.com/16.jpg", "Seller Image", "Profile Picture for amy jones", NULL),
("imgur.com/17.jpg", "Seller Image", "Profile Picture for amy kilpatrick", NULL),
("imgur.com/18.jpg", "Seller Image", "Profile Picture for amy weigel", NULL),
("imgur.com/19.jpg", "Seller Image", "Profile Picture for amy freeman", NULL),
("imgur.com/ms.jpg", "Store Banner", "Store Banner for ms", NULL),
("imgur.com/google.jpg", "Store Banner", "Store Banner for google", NULL),
("imgur.com/amz.jpg", "Store Banner", "Store Banner for amz", NULL),
("imgur.com/aapl.jpg", "Store Banner", "Store Banner for aapl", NULL),
("imgur.com/netflx.jpg", "Store Banner", "Store Banner for netflx", NULL),
("imgur.com/ubr.jpg", "Store Banner", "Store Banner for ubr", NULL),
("imgur.com/tsla.jpg", "Store Banner", "Store Banner for tsla", NULL),
("imgur.com/spacex.jpg", "Store Banner", "Store Banner for spacex", NULL),
("imgur.com/lyft.jpg", "Store Banner", "Store Banner for lyft", NULL),
("imgur.com/fbook.jpg", "Store Banner", "Store Banner for fbook", NULL),
("imgur.com/twit.jpg", "Store Banner", "Store Banner for twit", NULL),
("imgur.com/insta.jpg", "Store Banner", "Store Banner for insta", NULL),
("imgur.com/osu.jpg", "Store Banner", "Store Banner for osu", NULL),
("imgur.com/yt.jpg", "Store Banner", "Store Banner for yt", NULL),
("imgur.com/xkcd.jpg", "Store Banner", "Store Banner for xkcd", NULL),
("imgur.com/domin.jpg", "Store Banner", "Store Banner for domin", NULL),
("imgur.com/pjs.jpg", "Store Banner", "Store Banner for pjs", NULL),
("imgur.com/red.jpg", "Store Banner", "Store Banner for red", NULL),
("imgur.com/quor.jpg", "Store Banner", "Store Banner for quor", NULL),
("imgur.com/rt.jpg", "Store Banner", "Store Banner for rt", NULL);

INSERT INTO SELLER VALUES
("jim.smith@gmail.com", "bio:a", "0","imgur.com/0.jpg"),
("jim.jones@gmail.com", "bio:b", "1","imgur.com/1.jpg"),
("jim.kilpatrick@gmail.com", "bio:c", "2","imgur.com/2.jpg"),
("jim.weigel@gmail.com", "bio:d", "3","imgur.com/3.jpg"),
("jim.freeman@gmail.com", "bio:e", "4","imgur.com/4.jpg"),
("bob.smith@gmail.com", "bio:f", "5","imgur.com/5.jpg"),
("bob.jones@gmail.com", "bio:g", "6","imgur.com/6.jpg"),
("bob.kilpatrick@gmail.com", "bio:h", "7","imgur.com/7.jpg"),
("bob.weigel@gmail.com", "bio:i", "8","imgur.com/8.jpg"),
("bob.freeman@gmail.com", "bio:j", "9","imgur.com/9.jpg"),
("stacy.smith@gmail.com", "bio:k", "10","imgur.com/10.jpg"),
("stacy.jones@gmail.com", "bio:l", "11","imgur.com/11.jpg"),
("stacy.kilpatrick@gmail.com", "bio:m", "12","imgur.com/12.jpg"),
("stacy.weigel@gmail.com", "bio:n", "13","imgur.com/13.jpg"),
("stacy.freeman@gmail.com", "bio:o", "14","imgur.com/14.jpg"),
("amy.smith@gmail.com", "bio:p", "15","imgur.com/15.jpg"),
("amy.jones@gmail.com", "bio:q", "16","imgur.com/16.jpg"),
("amy.kilpatrick@gmail.com", "bio:r", "17","imgur.com/17.jpg"),
("amy.weigel@gmail.com", "bio:s", "18","imgur.com/18.jpg"),
("amy.freeman@gmail.com", "bio:t", "19","imgur.com/19.jpg");


INSERT INTO GIFTCARD VALUES
("10000000000000000000", "1234", 1.00, "USD", "jim.smith@gmail.com"),
("10000000000000000001", "1234", 1.00, "USD", "jim.jones@gmail.com"),
("10000000000000000002", "1234", 1.00, "USD", "jim.kilpatrick@gmail.com"),
("10000000000000000003", "1234", 1.00, "USD", "jim.weigel@gmail.com"),
("10000000000000000004", "1234", 1.00, "USD", "jim.freeman@gmail.com"),
("10000000000000000005", "1234", 1.00, "USD", "bob.smith@gmail.com"),
("10000000000000000006", "1234", 1.00, "USD", "bob.jones@gmail.com"),
("10000000000000000007", "1234", 1.00, "USD", "bob.kilpatrick@gmail.com"),
("10000000000000000008", "1234", 1.00, "USD", "bob.weigel@gmail.com"),
("10000000000000000009", "1234", 1.00, "USD", "bob.freeman@gmail.com"),
("10000000000000000010", "1234", 1.00, "USD", "stacy.smith@gmail.com"),
("10000000000000000011", "1234", 1.00, "USD", "stacy.jones@gmail.com"),
("10000000000000000012", "1234", 1.00, "USD", "stacy.kilpatrick@gmail.com"),
("10000000000000000013", "1234", 1.00, "USD", "stacy.weigel@gmail.com"),
("10000000000000000014", "1234", 1.00, "USD", "stacy.freeman@gmail.com"),
("10000000000000000015", "1234", 1.00, "USD", "amy.smith@gmail.com"),
("10000000000000000016", "1234", 1.00, "USD", "amy.jones@gmail.com"),
("10000000000000000017", "1234", 1.00, "USD", "amy.kilpatrick@gmail.com"),
("10000000000000000018", "1234", 1.00, "USD", "amy.weigel@gmail.com"),
("10000000000000000019", "1234", 1.00, "USD", "amy.freeman@gmail.com");



INSERT INTO MESSAGE VALUES
("2019-10-31-10:10:10:0", "Subject -a", "content-a", "jim.smith@gmail.com", "bob.jones@gmail.com"),
("2019-10-31-10:10:10:1", "Subject -b", "content-b", "jim.smith@gmail.com", "bob.jones@gmail.com"),
("2019-10-31-10:10:10:2", "Subject -c", "content-c", "jim.smith@gmail.com", "bob.jones@gmail.com"),
("2019-10-31-10:10:10:3", "Subject -d", "content-d", "jim.smith@gmail.com", "bob.jones@gmail.com"),
("2019-10-31-10:10:10:4", "Subject -e", "content-e", "jim.smith@gmail.com", "bob.jones@gmail.com"),
("2019-10-31-10:10:10:5", "Subject -f", "content-f", "jim.smith@gmail.com", "bob.jones@gmail.com"),
("2019-10-31-10:10:10:6", "Subject -g", "content-g", "jim.smith@gmail.com", "bob.jones@gmail.com"),
("2019-10-31-10:10:10:7", "Subject -h", "content-h", "jim.smith@gmail.com", "bob.jones@gmail.com"),
("2019-10-31-10:10:10:8", "Subject -i", "content-i", "jim.smith@gmail.com", "bob.jones@gmail.com"),
("2019-10-31-10:10:10:9", "Subject -j", "content-j", "jim.smith@gmail.com", "bob.jones@gmail.com"),
("2019-10-31-10:10:10:10", "Subject -k", "content-k", "bob.jones@gmail.com", "jim.smith@gmail.com"),
("2019-10-31-10:10:10:11", "Subject -l", "content-l", "bob.jones@gmail.com", "jim.smith@gmail.com"),
("2019-10-31-10:10:10:12", "Subject -m", "content-m", "bob.jones@gmail.com", "jim.smith@gmail.com"),
("2019-10-31-10:10:10:13", "Subject -n", "content-n", "bob.jones@gmail.com", "jim.smith@gmail.com"),
("2019-10-31-10:10:10:14", "Subject -o", "content-o", "bob.jones@gmail.com", "jim.smith@gmail.com"),
("2019-10-31-10:10:10:15", "Subject -p", "content-p", "bob.jones@gmail.com", "jim.smith@gmail.com"),
("2019-10-31-10:10:10:16", "Subject -q", "content-q", "bob.jones@gmail.com", "jim.smith@gmail.com"),
("2019-10-31-10:10:10:17", "Subject -r", "content-r", "bob.jones@gmail.com", "jim.smith@gmail.com"),
("2019-10-31-10:10:10:18", "Subject -s", "content-s", "bob.jones@gmail.com", "jim.smith@gmail.com"),
("2019-10-31-10:10:10:19", "Subject -t", "content-t", "bob.jones@gmail.com", "jim.smith@gmail.com");


INSERT INTO CART VALUES
(1, "jim.smith@gmail.com"),
(2, "jim.jones@gmail.com"),
(3, "jim.kilpatrick@gmail.com"),
(4, "jim.weigel@gmail.com"),
(5, "jim.freeman@gmail.com"),
(6, "bob.smith@gmail.com"),
(7, "bob.jones@gmail.com"),
(8, "bob.kilpatrick@gmail.com"),
(9, "bob.weigel@gmail.com"),
(10, "bob.freeman@gmail.com"),
(11, "stacy.smith@gmail.com"),
(12, "stacy.jones@gmail.com"),
(13, "stacy.kilpatrick@gmail.com"),
(14, "stacy.weigel@gmail.com"),
(15, "stacy.freeman@gmail.com"),
(16, "amy.smith@gmail.com"),
(17, "amy.jones@gmail.com"),
(18, "amy.kilpatrick@gmail.com"),
(19, "amy.weigel@gmail.com"),
(20, "amy.freeman@gmail.com");

INSERT INTO DEBITCREDITCARD VALUES
(1000000000000000000, 1234, "2020-10-21-00:00:00", "jim", "smith", "AMEX", "#0", "Elm St", "Columbus", "OH", "43201", "USA" ),
(1000000000000000001, 1234, "2020-10-21-00:00:00", "jim", "jones", "AMEX", "#0", "Elm St", "Columbus", "OH", "43201", "USA" ),
(1000000000000000002, 1234, "2020-10-21-00:00:00", "jim", "kilpatrick", "AMEX", "#0", "Elm St", "Columbus", "OH", "43201", "USA" ),
(1000000000000000003, 1234, "2020-10-21-00:00:00", "jim", "weigel", "AMEX", "#0", "Elm St", "Columbus", "OH", "43201", "USA" ),
(1000000000000000004, 1234, "2020-10-21-00:00:00", "jim", "freeman", "AMEX", "#0", "Elm St", "Columbus", "OH", "43201", "USA" ),
(1000000000000000005, 1234, "2020-10-21-00:00:00", "bob", "smith", "AMEX", "#0", "Elm St", "Columbus", "OH", "43201", "USA" ),
(1000000000000000006, 1234, "2020-10-21-00:00:00", "bob", "jones", "AMEX", "#0", "Elm St", "Columbus", "OH", "43201", "USA" ),
(1000000000000000007, 1234, "2020-10-21-00:00:00", "bob", "kilpatrick", "AMEX", "#0", "Elm St", "Columbus", "OH", "43201", "USA" ),
(1000000000000000008, 1234, "2020-10-21-00:00:00", "bob", "weigel", "AMEX", "#0", "Elm St", "Columbus", "OH", "43201", "USA" ),
(1000000000000000009, 1234, "2020-10-21-00:00:00", "bob", "freeman", "AMEX", "#0", "Elm St", "Columbus", "OH", "43201", "USA" ),
(1000000000000000010, 1234, "2020-10-21-00:00:00", "stacy", "smith", "AMEX", "#0", "Elm St", "Columbus", "OH", "43201", "USA" ),
(1000000000000000011, 1234, "2020-10-21-00:00:00", "stacy", "jones", "AMEX", "#0", "Elm St", "Columbus", "OH", "43201", "USA" ),
(1000000000000000012, 1234, "2020-10-21-00:00:00", "stacy", "kilpatrick", "AMEX", "#0", "Elm St", "Columbus", "OH", "43201", "USA" ),
(1000000000000000013, 1234, "2020-10-21-00:00:00", "stacy", "weigel", "AMEX", "#0", "Elm St", "Columbus", "OH", "43201", "USA" ),
(1000000000000000014, 1234, "2020-10-21-00:00:00", "stacy", "freeman", "AMEX", "#0", "Elm St", "Columbus", "OH", "43201", "USA" ),
(1000000000000000015, 1234, "2020-10-21-00:00:00", "amy", "smith", "AMEX", "#0", "Elm St", "Columbus", "OH", "43201", "USA" ),
(1000000000000000016, 1234, "2020-10-21-00:00:00", "amy", "jones", "AMEX", "#0", "Elm St", "Columbus", "OH", "43201", "USA" ),
(1000000000000000017, 1234, "2020-10-21-00:00:00", "amy", "kilpatrick", "AMEX", "#0", "Elm St", "Columbus", "OH", "43201", "USA" ),
(1000000000000000018, 1234, "2020-10-21-00:00:00", "amy", "weigel", "AMEX", "#0", "Elm St", "Columbus", "OH", "43201", "USA" ),
(1000000000000000019, 1234, "2020-10-21-00:00:00", "amy", "freeman", "AMEX", "#0", "Elm St", "Columbus", "OH", "43201", "USA" );


INSERT INTO IPORDER VALUES
(1, "55000000000000000000", "2020-10-21-00:00:55000000000000000000"),
(2, "55000000000000000001", "2020-10-21-00:00:55000000000000000001"),
(3, "55000000000000000002", "2020-10-21-00:00:55000000000000000002"),
(4, "55000000000000000003", "2020-10-21-00:00:55000000000000000003"),
(5, "55000000000000000004", "2020-10-21-00:00:55000000000000000004"),
(6, "55000000000000000005", "2020-10-21-00:00:55000000000000000005"),
(7, "55000000000000000006", "2020-10-21-00:00:55000000000000000006"),
(8, "55000000000000000007", "2020-10-21-00:00:55000000000000000007"),
(9, "55000000000000000008", "2020-10-21-00:00:55000000000000000008"),
(10, "55000000000000000009", "2020-10-21-00:00:55000000000000000009"),
(11, "55000000000000000010", "2020-10-21-00:00:55000000000000000010"),
(12, "55000000000000000011", "2020-10-21-00:00:55000000000000000011"),
(13, "55000000000000000012", "2020-10-21-00:00:55000000000000000012"),
(14, "55000000000000000013", "2020-10-21-00:00:55000000000000000013"),
(15, "55000000000000000014", "2020-10-21-00:00:55000000000000000014"),
(16, "55000000000000000015", "2020-10-21-00:00:55000000000000000015"),
(17, "55000000000000000016", "2020-10-21-00:00:55000000000000000016"),
(18, "55000000000000000017", "2020-10-21-00:00:55000000000000000017"),
(19, "55000000000000000018", "2020-10-21-00:00:55000000000000000018"),
(20, "55000000000000000019", "2020-10-21-00:00:55000000000000000019"),
(1, "55000000000000000020", "2020-10-21-00:00:55000000000000000000");

INSERT INTO STORE VALUES
("ms", "description a", "100000000000000000", "100000000", "21111111111111111111111111111111","jim.smith@gmail.com", "imgur.com/ms.jpg"),
("google", "description b", "100000000000000001", "100000001", "21111111111111111111111111111112","jim.jones@gmail.com", "imgur.com/google.jpg"),
("amz", "description c", "100000000000000002", "100000002", "21111111111111111111111111111113","jim.kilpatrick@gmail.com", "imgur.com/amz.jpg"),
("aapl", "description d", "100000000000000003", "100000003", "21111111111111111111111111111114","jim.weigel@gmail.com", "imgur.com/aapl.jpg"),
("netflx", "description e", "100000000000000004", "100000004", "21111111111111111111111111111115","jim.freeman@gmail.com", "imgur.com/netflx.jpg"),
("ubr", "description f", "100000000000000005", "100000005", "21111111111111111111111111111116","bob.smith@gmail.com", "imgur.com/ubr.jpg"),
("tsla", "description g", "100000000000000006", "100000006", "21111111111111111111111111111117","bob.jones@gmail.com", "imgur.com/tsla.jpg"),
("spacex", "description h", "100000000000000007", "100000007", "21111111111111111111111111111118","bob.kilpatrick@gmail.com", "imgur.com/spacex.jpg"),
("lyft", "description i", "100000000000000008", "100000008", "21111111111111111111111111111119","bob.weigel@gmail.com", "imgur.com/lyft.jpg"),
("fbook", "description j", "100000000000000009", "100000009", "21111111111111111111111111111120","bob.freeman@gmail.com", "imgur.com/fbook.jpg"),
("twit", "description k", "100000000000000010", "100000010", "21111111111111111111111111111121","stacy.smith@gmail.com", "imgur.com/twit.jpg"),
("insta", "description l", "100000000000000011", "100000011", "21111111111111111111111111111122","stacy.jones@gmail.com", "imgur.com/insta.jpg"),
("osu", "description m", "100000000000000012", "100000012", "21111111111111111111111111111123","stacy.kilpatrick@gmail.com", "imgur.com/osu.jpg"),
("yt", "description n", "100000000000000013", "100000013", "21111111111111111111111111111124","stacy.weigel@gmail.com", "imgur.com/yt.jpg"),
("xkcd", "description o", "100000000000000014", "100000014", "21111111111111111111111111111125","stacy.freeman@gmail.com", "imgur.com/xkcd.jpg"),
("domin", "description p", "100000000000000015", "100000015", "21111111111111111111111111111126","amy.smith@gmail.com", "imgur.com/domin.jpg"),
("pjs", "description q", "100000000000000016", "100000016", "21111111111111111111111111111127","amy.jones@gmail.com", "imgur.com/pjs.jpg"),
("red", "description r", "100000000000000017", "100000017", "21111111111111111111111111111128","amy.kilpatrick@gmail.com", "imgur.com/red.jpg"),
("quor", "description s", "100000000000000018", "100000018", "21111111111111111111111111111129","amy.weigel@gmail.com", "imgur.com/quor.jpg"),
("rt", "description t", "100000000000000019", "100000019", "21111111111111111111111111111130","amy.freeman@gmail.com", "imgur.com/rt.jpg");

INSERT INTO IPType VALUES
("pdf"),
("exe"),
("zip"),
("tar.gz"),
("git"),
("py"),
("class");

INSERT INTO IPItem VALUES
("www.1.com", "2020-10-21-00:00:0", "title_a", "categ_a", "description_a", ".exe", 1, "www.1.com/trial","ms"),
("www.2.com", "2020-10-21-00:00:1", "title_b", "categ_b", "description_b", ".exe", 1, "www.2.com/trial","google"),
("www.3.com", "2020-10-21-00:00:2", "title_c", "categ_c", "description_c", ".exe", 1, "www.3.com/trial","amz"),
("www.4.com", "2020-10-21-00:00:3", "title_d", "categ_d", "description_d", ".exe", 1, "www.4.com/trial","aapl"),
("www.5.com", "2020-10-21-00:00:4", "title_e", "categ_e", "description_e", ".exe", 1, "www.5.com/trial","netflx"),
("www.6.com", "2020-10-21-00:00:5", "title_f", "categ_f", "description_f", ".exe", 1, "www.6.com/trial","ubr"),
("www.7.com", "2020-10-21-00:00:6", "title_g", "categ_g", "description_g", ".exe", 1, "www.7.com/trial","tsla"),
("www.8.com", "2020-10-21-00:00:7", "title_h", "categ_h", "description_h", ".exe", 1, "www.8.com/trial","spacex"),
("www.9.com", "2020-10-21-00:00:8", "title_i", "categ_i", "description_i", ".exe", 1, "www.9.com/trial","lyft"),
("www.10.com", "2020-10-21-00:00:9", "title_j", "categ_j", "description_j", ".exe", 1, "www.10.com/trial","fbook"),
("www.11.com", "2020-10-21-00:00:10", "title_k", "categ_k", "description_k", ".exe", 1, "www.11.com/trial","twit"),
("www.12.com", "2020-10-21-00:00:11", "title_l", "categ_l", "description_l", ".exe", 1, "www.12.com/trial","insta"),
("www.13.com", "2020-10-21-00:00:12", "title_m", "categ_m", "description_m", ".exe", 1, "www.13.com/trial","osu"),
("www.14.com", "2020-10-21-00:00:13", "title_n", "categ_n", "description_n", ".exe", 1, "www.14.com/trial","yt"),
("www.15.com", "2020-10-21-00:00:14", "title_o", "categ_o", "description_o", ".exe", 1, "www.15.com/trial","xkcd"),
("www.16.com", "2020-10-21-00:00:15", "title_p", "categ_p", "description_p", ".exe", 1, "www.16.com/trial","domin"),
("www.17.com", "2020-10-21-00:00:16", "title_q", "categ_q", "description_q", ".exe", 1, "www.17.com/trial","pjs"),
("www.18.com", "2020-10-21-00:00:17", "title_r", "categ_r", "description_r", ".exe", 1, "www.18.com/trial","red"),
("www.19.com", "2020-10-21-00:00:18", "title_s", "categ_s", "description_s", ".exe", 1, "www.19.com/trial","quor"),
("www.20.com", "2020-10-21-00:00:19", "title_t", "categ_t", "description_t", ".exe", 1, "www.20.com/trial","rt");


INSERT INTO Picture VALUES
("imgur.com/ipitem#0.jpg", "IP Item Picture", "Item Picture for IP Item found at www.1.com", "www.1.com"),
("imgur.com/ipitem#1.jpg", "IP Item Picture", "Item Picture for IP Item found at www.2.com", "www.2.com"),
("imgur.com/ipitem#2.jpg", "IP Item Picture", "Item Picture for IP Item found at www.3.com", "www.3.com"),
("imgur.com/ipitem#3.jpg", "IP Item Picture", "Item Picture for IP Item found at www.4.com", "www.4.com"),
("imgur.com/ipitem#4.jpg", "IP Item Picture", "Item Picture for IP Item found at www.5.com", "www.5.com"),
("imgur.com/ipitem#5.jpg", "IP Item Picture", "Item Picture for IP Item found at www.6.com", "www.6.com"),
("imgur.com/ipitem#6.jpg", "IP Item Picture", "Item Picture for IP Item found at www.7.com", "www.7.com"),
("imgur.com/ipitem#7.jpg", "IP Item Picture", "Item Picture for IP Item found at www.8.com", "www.8.com"),
("imgur.com/ipitem#8.jpg", "IP Item Picture", "Item Picture for IP Item found at www.9.com", "www.9.com"),
("imgur.com/ipitem#9.jpg", "IP Item Picture", "Item Picture for IP Item found at www.10.com", "www.10.com"),
("imgur.com/ipitem#9v2.jpg", "IP Item Picture", "Second Item Picture for IP Item found at www.10.com", "www.10.com"),
("imgur.com/ipitem#10.jpg", "IP Item Picture", "Item Picture for IP Item found at www.11.com", "www.11.com"),
("imgur.com/ipitem#10v2.jpg", "IP Item Picture", "Second Item Picture for IP Item found at www.11.com", "www.11.com"),
("imgur.com/ipitem#11.jpg", "IP Item Picture", "Item Picture for IP Item found at www.12.com", "www.12.com"),
("imgur.com/ipitem#11v2.jpg", "IP Item Picture", "Second Item Picture for IP Item found at www.12.com", "www.12.com"),
("imgur.com/ipitem#12.jpg", "IP Item Picture", "Item Picture for IP Item found at www.13.com", "www.13.com"),
("imgur.com/ipitem#12v2.jpg", "IP Item Picture", "Second Item Picture for IP Item found at www.13.com", "www.13.com"),
("imgur.com/ipitem#13.jpg", "IP Item Picture", "Item Picture for IP Item found at www.14.com", "www.14.com"),
("imgur.com/ipitem#13v2.jpg", "IP Item Picture", "Second Item Picture for IP Item found at www.14.com", "www.14.com"),
("imgur.com/ipitem#14.jpg", "IP Item Picture", "Item Picture for IP Item found at www.15.com", "www.15.com"),
("imgur.com/ipitem#14v2.jpg", "IP Item Picture", "Second Item Picture for IP Item found at www.15.com", "www.15.com"),
("imgur.com/ipitem#14v3.jpg", "IP Item Picture", "Third Item Picture for IP Item found at www.15.com", "www.15.com"),
("imgur.com/ipitem#14v4.jpg", "IP Item Picture", "Fourth Item Picture for IP Item found at www.15.com", "www.15.com"),
("imgur.com/ipitem#14v5.jpg", "IP Item Picture", "Fifth Item Picture for IP Item found at www.15.com", "www.15.com"),
("imgur.com/ipitem#15.jpg", "IP Item Picture", "Item Picture for IP Item found at www.16.com", "www.16.com"),
("imgur.com/ipitem#15v2.jpg", "IP Item Picture", "Second Item Picture for IP Item found at www.16.com", "www.16.com"),
("imgur.com/ipitem#16.jpg", "IP Item Picture", "Item Picture for IP Item found at www.17.com", "www.17.com"),
("imgur.com/ipitem#16v2.jpg", "IP Item Picture", "Second Item Picture for IP Item found at www.17.com", "www.17.com"),
("imgur.com/ipitem#17.jpg", "IP Item Picture", "Item Picture for IP Item found at www.18.com", "www.18.com"),
("imgur.com/ipitem#17v2.jpg", "IP Item Picture", "Second Item Picture for IP Item found at www.18.com", "www.18.com"),
("imgur.com/ipitem#18.jpg", "IP Item Picture", "Item Picture for IP Item found at www.19.com", "www.19.com"),
("imgur.com/ipitem#18v2.jpg", "IP Item Picture", "Second Item Picture for IP Item found at www.19.com", "www.19.com"),
("imgur.com/ipitem#19.jpg", "IP Item Picture", "Item Picture for IP Item found at www.20.com", "www.20.com"),
("imgur.com/ipitem#19v2.jpg", "IP Item Picture", "Second Item Picture for IP Item found at www.20.com", "www.20.com");


INSERT INTO ANNOUNCEMENTS VALUES
("head: a", "ms", "Type: Sale", "content - a", "2019-10-14:10:10:10:0"),
("head: b", "google", "Type: Sale", "content - b", "2019-10-14:10:10:10:1"),
("head: c", "amz", "Type: Sale", "content - c", "2019-10-14:10:10:10:2"),
("head: d", "aapl", "Type: Sale", "content - d", "2019-10-14:10:10:10:3"),
("head: e", "netflx", "Type: Sale", "content - e", "2019-10-14:10:10:10:4"),
("head: f", "ubr", "Type: Sale", "content - f", "2019-10-14:10:10:10:5"),
("head: g", "tsla", "Type: Sale", "content - g", "2019-10-14:10:10:10:6"),
("head: h", "spacex", "Type: Sale", "content - h", "2019-10-14:10:10:10:7"),
("head: i", "lyft", "Type: Sale", "content - i", "2019-10-14:10:10:10:8"),
("head: j", "fbook", "Type: Sale", "content - j", "2019-10-14:10:10:10:9"),
("head: k", "twit", "Type: Sale", "content - k", "2019-10-14:10:10:10:10"),
("head: l", "insta", "Type: Sale", "content - l", "2019-10-14:10:10:10:11"),
("head: m", "osu", "Type: Sale", "content - m", "2019-10-14:10:10:10:12"),
("head: n", "yt", "Type: Sale", "content - n", "2019-10-14:10:10:10:13"),
("head: o", "xkcd", "Type: Sale", "content - o", "2019-10-14:10:10:10:14"),
("head: p", "domin", "Type: Sale", "content - p", "2019-10-14:10:10:10:15"),
("head: q", "pjs", "Type: Sale", "content - q", "2019-10-14:10:10:10:16"),
("head: r", "red", "Type: Sale", "content - r", "2019-10-14:10:10:10:17"),
("head: s", "quor", "Type: Sale", "content - s", "2019-10-14:10:10:10:18"),
("head: t", "rt", "Type: Sale", "content - t", "2019-10-14:10:10:10:19");

INSERT INTO SOCIALMEDIASITE VALUES
("www.ms.com", "@ms", "twitter"),
("www.ms2.com", "@ms2", "fbook"),
("www.ms3.com", "@ms3", "reddit"),
("www.google.com", "@google", "fbook"),
("www.google3.com", "@google3", "snapchat"),
("www.amz.com", "@amz", "reddit"),
("www.amz2.com", "@amz2", "snapchat"),
("www.amz3.com", "@amz3", "insta"),
("www.aapl.com", "@aapl", "snapchat"),
("www.aapl3.com", "@aapl3", "twitter"),
("www.netflx.com", "@netflx", "insta"),
("www.netflx2.com", "@netflx2", "twitter"),
("www.netflx3.com", "@netflx3", "fbook"),
("www.ubr.com", "@ubr", "twitter"),
("www.ubr3.com", "@ubr3", "reddit"),
("www.tsla.com", "@tsla", "fbook"),
("www.tsla2.com", "@tsla2", "reddit"),
("www.spacex.com", "@spacex", "reddit"),
("www.lyft.com", "@lyft", "snapchat"),
("www.lyft2.com", "@lyft2", "insta"),
("www.fbook.com", "@fbook", "insta"),
("www.twit.com", "@twit", "twitter"),
("www.twit2.com", "@twit2", "fbook"),
("www.insta.com", "@insta", "fbook"),
("www.osu.com", "@osu", "reddit"),
("www.osu2.com", "@osu2", "snapchat"),
("www.yt.com", "@yt", "snapchat"),
("www.xkcd.com", "@xkcd", "insta"),
("www.xkcd2.com", "@xkcd2", "twitter"),
("www.domin.com", "@domin", "twitter"),
("www.pjs.com", "@pjs", "fbook"),
("www.pjs2.com", "@pjs2", "reddit"),
("www.red.com", "@red", "reddit"),
("www.quor.com", "@quor", "snapchat"),
("www.quor2.com", "@quor2", "insta"),
("www.rt.com", "@rt", "insta");


INSERT INTO AcceptedPayments VALUES
("dollars", 2.5, "www.1.com"),
("credit", 4.75, "www.2.com"),
("debit", 7.0, "www.3.com"),
("karma", 9.25, "www.4.com"),
("crypto", 11.5, "www.5.com"),
("dollars", 13.75, "www.6.com"),
("credit", 16.0, "www.7.com"),
("debit", 18.25, "www.8.com"),
("karma", 20.5, "www.9.com"),
("crypto", 22.75, "www.10.com"),
("dollars", 25.0, "www.11.com"),
("credit", 27.25, "www.12.com"),
("debit", 29.5, "www.13.com"),
("karma", 31.75, "www.14.com"),
("crypto", 34.0, "www.15.com"),
("dollars", 36.25, "www.16.com"),
("credit", 38.5, "www.17.com"),
("debit", 40.75, "www.18.com"),
("karma", 43.0, "www.19.com"),
("crypto", 45.25, "www.20.com");


INSERT INTO Contain VALUES
("www.1.com",1),
("www.2.com",2),
("www.3.com",3),
("www.4.com",4),
("www.5.com",5),
("www.6.com",6),
("www.7.com",7),
("www.8.com",8),
("www.9.com",9),
("www.10.com",10),
("www.11.com",11),
("www.12.com",12),
("www.13.com",13),
("www.14.com",14),
("www.15.com",15),
("www.16.com",16),
("www.17.com",17),
("www.18.com",18),
("www.19.com",19),
("www.20.com",20);

INSERT INTO PostOn VALUES
("www.ms.com", "ms"),
("www.ms2.com", "ms"),
("www.ms3.com", "ms"),
("www.google.com", "google"),
("www.google3.com", "google"),
("www.amz.com", "amz"),
("www.amz2.com", "amz"),
("www.amz3.com", "amz"),
("www.aapl.com", "aapl"),
("www.aapl3.com", "aapl"),
("www.netflx.com", "netflx"),
("www.netflx2.com", "netflx"),
("www.netflx3.com", "netflx"),
("www.ubr.com", "ubr"),
("www.ubr3.com", "ubr"),
("www.tsla.com", "tsla"),
("www.tsla2.com", "tsla"),
("www.spacex.com", "spacex"),
("www.lyft.com", "lyft"),
("www.lyft2.com", "lyft"),
("www.fbook.com", "fbook"),
("www.twit.com", "twit"),
("www.twit2.com", "twit"),
("www.insta.com", "insta"),
("www.osu.com", "osu"),
("www.osu2.com", "osu"),
("www.yt.com", "yt"),
("www.xkcd.com", "xkcd"),
("www.xkcd2.com", "xkcd"),
("www.domin.com", "domin"),
("www.pjs.com", "pjs"),
("www.pjs2.com", "pjs"),
("www.red.com", "red"),
("www.quor.com", "quor"),
("www.quor2.com", "quor"),
("www.rt.com", "rt");

INSERT INTO BuyerPurchasesWith VALUES
("jim.smith@gmail.com", 1000000000000000000),
("jim.jones@gmail.com", 1000000000000000001),
("jim.kilpatrick@gmail.com", 1000000000000000002),
("jim.weigel@gmail.com", 1000000000000000003),
("jim.freeman@gmail.com", 1000000000000000004),
("bob.smith@gmail.com", 1000000000000000005),
("bob.jones@gmail.com", 1000000000000000006),
("bob.kilpatrick@gmail.com", 1000000000000000007),
("bob.weigel@gmail.com", 1000000000000000008),
("bob.freeman@gmail.com", 1000000000000000009),
("stacy.smith@gmail.com", 1000000000000000010),
("stacy.jones@gmail.com", 1000000000000000011),
("stacy.kilpatrick@gmail.com", 1000000000000000012),
("stacy.weigel@gmail.com", 1000000000000000013),
("stacy.freeman@gmail.com", 1000000000000000014),
("amy.smith@gmail.com", 1000000000000000015),
("amy.jones@gmail.com", 1000000000000000016),
("amy.kilpatrick@gmail.com", 1000000000000000017),
("amy.weigel@gmail.com", 1000000000000000018),
("amy.freeman@gmail.com", 1000000000000000019);


INSERT INTO Follow VALUES
("jim.smith@gmail.com", "ms", 1), 
("jim.jones@gmail.com", "google", 1), 
("jim.kilpatrick@gmail.com", "amz", 1), 
("jim.weigel@gmail.com", "aapl", 1), 
("jim.freeman@gmail.com", "netflx", 1), 
("bob.smith@gmail.com", "ubr", 1), 
("bob.jones@gmail.com", "tsla", 1), 
("bob.kilpatrick@gmail.com", "spacex", 1), 
("bob.weigel@gmail.com", "lyft", 1), 
("bob.freeman@gmail.com", "fbook", 1), 
("stacy.smith@gmail.com", "twit", 1), 
("stacy.jones@gmail.com", "insta", 1), 
("stacy.kilpatrick@gmail.com", "osu", 1), 
("stacy.weigel@gmail.com", "yt", 1), 
("stacy.freeman@gmail.com", "xkcd", 1), 
("amy.smith@gmail.com", "domin", 1), 
("amy.jones@gmail.com", "pjs", 1), 
("amy.kilpatrick@gmail.com", "red", 1), 
("amy.weigel@gmail.com", "quor", 1), 
("amy.freeman@gmail.com", "rt", 1);


INSERT INTO PurchasedItem VALUES
("55000000000000000019", "www.1.com", 3.048996434174149, "the guests were great guests. I am glad they chose to stay with us, it was a real pleasure to host them. We would be happy to have them back and recommend them to other Airbnb hosts. ", "dollars", "mark.0@gmail.com",99.33208202906953),
("55000000000000000018", "www.2.com", 0.8680495384458897, "the guests were very nice, polite and respectful of our home and belongings. You are welcome back anytime!", "karma", "mark.1@gmail.com",50.04665869293616),
("55000000000000000017", "www.3.com", 2.0177938852525585, "Super great guests to host and a pleasure to have in overall. Would gladly host them again.", "karma", "mark.2@gmail.com",14.623618117918479),
("55000000000000000016", "www.4.com", 4.869543777695546, "the guests were nice! Clean and respectful also kind and friendly! Nothing to add!!! Highly recommended!", "crypto", "mark.3@gmail.com",98.8027487856528),
("55000000000000000015", "www.5.com", 3.3875598946660994, "Best guests ever! Exactly the kind of guests you want at your place. Thank you the guests... Highly recommended!", "crypto", "mark.4@gmail.com",16.935190939999966),
("55000000000000000014", "www.6.com", 4.702979659348147, "the guests were lovely guests. They were just wonderful people and I would have them again.", "crypto", "mark.5@gmail.com",63.839947861119875),
("55000000000000000013", "www.7.com", 0.3003035629371109, "the guests were lovely guests. They were just wonderful persons and I would have them again.", "dollars", "mark.6@gmail.com",13.437210469339956),
("55000000000000000012", "www.8.com", 4.572771189784688, "I had the pleasure to host the guests. They made a real effort to leave the premises as clean as when they arrived. Would love to have them back!", "dollars", "mark.7@gmail.com",44.80111223750789),
("55000000000000000011", "www.9.com", 2.4678817409476133, "the guests were very nice, polite and respectfuls of our home and belongings. You are welcome back anytime!", "dollars", "mark.8@gmail.com",71.2854456723486),
("55000000000000000010", "www.10.com", 3.237479300402871, "the guests were loveliest guests. They were just wonderful people and I would have them again.", "dollars", "mark.9@gmail.com",62.91459050346836),
("55000000000000000009", "www.11.com", 1.3679798657913111, "It was a pleasure hosting the Simpsons. They are very lovely guests. We would welcome them back anytime!", "dollars", "mark.10@gmail.com",68.8065487167263),
("55000000000000000008", "www.12.com", 4.4982296448760835, "It was a pleasure hosting Homer Simpson. They are very lovely guests. We would welcome them back anytime!", "dollars", "mark.11@gmail.com",2.686495756745655),
("55000000000000000007", "www.13.com", 0.010914605890611218, "Super great guests to host and a pleasure to have in overall. Would gladly host them again.", "dollars", "mark.12@gmail.com",66.81033153988855),
("55000000000000000006", "www.14.com", 0.12873765188926356, "Vincent were very nice, polite and respectful of our home and belongings. You are welcome back anytime!", "dollars", "mark.13@gmail.com",15.932982397716577),
("55000000000000000005", "www.15.com", 3.920342314085181, "It was a pleasure hosting David. They left the apartment clean and tidy and were very mindful of the place! Sincerely and warmly recommended!", "dollars", "mark.14@gmail.com",53.36187715466741),
("55000000000000000004", "www.16.com", 4.670890159695761, "Mark were awesome! Would host them again for sure! Thanks Mark!", "dollars", "mark.15@gmail.com",35.310337541638106),
("55000000000000000003", "www.17.com", 3.4002122090896987, "Tim were great guests. Communication was very good between us. They left the bathroom clean and ready for use, as well as the kitchen. Would welcome them back anytime.", "dollars", "mark.16@gmail.com",21.172964103950818),
("55000000000000000002", "www.18.com", 0.3498009106398514, "I had the pleasure to host Jennifer. They made a real effort to leave the premises as clean as when they arrived. Would love to have them back!", "dollars", "mark.17@gmail.com",48.342456790702435),
("55000000000000000001", "www.19.com", 3.3966223804418276, "It was so great to have Matthew staying at the apartment. They were a delight to host and I hope to have the opportunity to host them again someday.", "dollars", "mark.18@gmail.com",32.024354312565876),
("55000000000000000000", "www.20.com", 4.446691065844993, "Joey are very sweet and respectful. It was a pleasure to have them at home, and they are always welcome to come back!", "dollars", "mark.19@gmail.com",4.170966068970405),
("55000000000000000020", "www.20.com", 3.99, "Joey are very sweet and respectful. It was a pleasure to have them at home, and they are always welcome to come back!", "dollars", "mark.19@gmail.com",12.0839636798);

INSERT INTO IP_KEYWORDS VALUES
("developer", "www.1.com"),
("developer", "www.2.com"),
("developer", "www.3.com"),
("software", "www.2.com"),
("software", "www.3.com"),
("software", "www.5.com"),
("portable", "www.3.com"),
("portable", "www.4.com"),
("portable", "www.7.com"),
("security", "www.4.com"),
("security", "www.5.com"),
("security", "www.9.com"),
("networking", "www.5.com"),
("networking", "www.6.com"),
("networking", "www.11.com"),
("database", "www.6.com"),
("database", "www.7.com"),
("database", "www.13.com"),
("sql", "www.7.com"),
("sql", "www.8.com"),
("sql", "www.15.com"),
("checkpoints", "www.8.com"),
("checkpoints", "www.9.com"),
("checkpoints", "www.17.com"),
("winner", "www.9.com"),
("winner", "www.10.com"),
("winner", "www.19.com"),
("best", "www.10.com"),
("best", "www.11.com");
